"DESCRIPTION","DURATION IN MS","NAME","PARENT SUITE","START TIME","STATUS","STOP TIME","SUB SUITE","SUITE","TEST CLASS","TEST METHOD"
"Mor søker termin 25 dager etter fødsel - Får aksjonpunkt om manglende fødsel - godkjent","8756","Mor søker termin 25 dager etter fødsel","","2026-02-20","passed","2026-02-20","","no.nav.foreldrepenger.autotest.fpsak.engangsstonad.Termin","no.nav.foreldrepenger.autotest.fpsak.engangsstonad.Termin","morSøkerTermin25DagerTilbakeITid"
"Mor er SN som søker gradering og har arbeidsgiver som søker refusjon over 6G","17283","SN med gradering og Arbeidsforhold med refusjon over 6G","","2026-02-20","passed","2026-02-20","","no.nav.foreldrepenger.autotest.fpsak.foreldrepenger.BeregningVerdikjede","no.nav.foreldrepenger.autotest.fpsak.foreldrepenger.BeregningVerdikjede","SN_med_gradering_og_arbeidsforhold_som_søker_refusjon_over_6G"
"","7064","Mor søker fødsel med full AAP og et arbeidsforhold som tilkommer etter skjæringstidspunktet","","2026-02-20","passed","2026-02-20","","no.nav.foreldrepenger.autotest.fpsak.foreldrepenger.BeregningVerdikjede","no.nav.foreldrepenger.autotest.fpsak.foreldrepenger.BeregningVerdikjede","morSøkerFødselMedFullAAPOgArbeidsforhold"
"Mor søker fødsel overstyrt vilkår adopsjon fra godkjent til avslått","12645","Mor søker fødsel overstyrt vilkår","","2026-02-20","passed","2026-02-20","","no.nav.foreldrepenger.autotest.fpsak.engangsstonad.Fodsel","no.nav.foreldrepenger.autotest.fpsak.engangsstonad.Fodsel","morSøkerFødselOverstyrt"
"Mor søker fødsel med mange utsettelseperioder. Hensikten er å sjekke at alle årsaker fungerer.Kun arbeid (og ferie) skal oppgis i IM. Verifiserer på 0 trekkdager for perioder med utsettelserList. Kun perioder som krever dokumentasjon skal bli manuelt behandlet i fakta om uttak. Ingen AP i uttak.","11148","Utsettelse av forskjellige årsaker","","2026-02-20","passed","2026-02-20","","no.nav.foreldrepenger.autotest.fpsak.foreldrepenger.SammenhengendeUttak","no.nav.foreldrepenger.autotest.fpsak.foreldrepenger.SammenhengendeUttak","utsettelse_med_avvik"
"Scenario 2: Mor har tatt ut mindre enn minsterett på barn 1 (f.eks. 4 uker igjen av minsteretten).Far tar ut ifm fødsel og 10 uker av fedrekvoten som strekker seg over uke 40 (termin for barn 2).Mor søker termin på barn 2 (40 uker etter barn 1) som førere til revurdering på far.Far sin sak revurderes og avslår uker som strekker seg forbi startdato barn 2 og som ikke er minstrett.Mor søker endring på barn 1 om å ta 8 uker (bare 4 uker gjenstår av minstrett) etter de 6 første ukene for barn 2. Delvis innvilget","56361","Mor og far beholder minsteretten ved to tette og kan ta ut denne etter fødsel av siste barn","","2026-02-20","passed","2026-02-20","","no.nav.foreldrepenger.autotest.fpsak.foreldrepenger.ToTetteOgMinsterettTester","no.nav.foreldrepenger.autotest.fpsak.foreldrepenger.ToTetteOgMinsterettTester","mor_og_far_beholder_minsteretten_ved_to_tette_og_kan_ta_ut_denne_etter_fødel_av_siste_barn"
"Test om lekker sensitive opplysninger","4","Test om lekker sensitive opplysninger Sjekk sensitiv logg lekkasje[15] ""postgres""","","2026-02-20","passed","2026-02-20","","no.nav.foreldrepenger.autotest.teknisk.logg.LoggTest","no.nav.foreldrepenger.autotest.teknisk.logg.LoggTest","sjekkLoggerForPersonopplysninger"
"Mor søker fødsel har stillingsprosent 0 som fører til aksjonspunkt for opptjening","10941","Mor søker fødsel har stillingsprosent 0","","2026-02-20","passed","2026-02-20","","no.nav.foreldrepenger.autotest.fpsak.foreldrepenger.Fodsel","no.nav.foreldrepenger.autotest.fpsak.foreldrepenger.Fodsel","morSøkerFødselStillingsprosent0"
"Mor søker termin - godkjent happy case","26457","Mor søker termin - godkjent","","2026-02-20","passed","2026-02-20","","no.nav.foreldrepenger.autotest.fpsak.engangsstonad.Termin","no.nav.foreldrepenger.autotest.fpsak.engangsstonad.Termin","morSøkerTerminGodkjent"
"Manuelt opprettet revurdering etter avsluttet behandling med utsendt varsel","29029","Manuelt opprettet revurdering","","2026-02-20","passed","2026-02-20","","no.nav.foreldrepenger.autotest.fpsak.engangsstonad.Revurdering","no.nav.foreldrepenger.autotest.fpsak.engangsstonad.Revurdering","manueltOpprettetRevurderingSendVarsel"
"Test om logger kritiske feil","2","Test om logger kritiske feil Sjekk Feil i Logger[18] ""oracle""","","2026-02-20","passed","2026-02-20","","no.nav.foreldrepenger.autotest.teknisk.logg.LoggTest","no.nav.foreldrepenger.autotest.teknisk.logg.LoggTest","sjekkFeilILogger"
"Setter behandling på vent og gjennoptar og henlegger","6091","Setter behandling på vent og gjennoptar og henlegger","","2026-02-20","passed","2026-02-20","","no.nav.foreldrepenger.autotest.fpsak.engangsstonad.Termin","no.nav.foreldrepenger.autotest.fpsak.engangsstonad.Termin","settBehandlingPåVentOgGjenopptaOgHenlegg"
"Test om lekker sensitive opplysninger","7946","Test om lekker sensitive opplysninger Sjekk sensitiv logg lekkasje[6] ""fptilbake""","","2026-02-20","passed","2026-02-20","","no.nav.foreldrepenger.autotest.teknisk.logg.LoggTest","no.nav.foreldrepenger.autotest.teknisk.logg.LoggTest","sjekkLoggerForPersonopplysninger"
"Far søker. Blir satt på vent pga for tidlig søknad. Mor søker og får innvilget. Oppretter manuell revurdering på mor.","20599","Koblet sak mor søker etter far og sniker i køen","","2026-02-20","passed","2026-02-20","","no.nav.foreldrepenger.autotest.fpsak.foreldrepenger.MorOgFarSammen","no.nav.foreldrepenger.autotest.fpsak.foreldrepenger.MorOgFarSammen","kobletSakMorSøkerEtterFar"
"Mor endringssøknad med aksjonspunkt i uttak. Søker for lang mødrekvote for å få aksjonspunkt.Saksbehandler avslår. Mor har også arbeid med arbeidsforholdId i inntektsmelding","22098","Mor endringssøknad med aksjonspunkt i uttak","","2026-02-20","passed","2026-02-20","","no.nav.foreldrepenger.autotest.fpsak.foreldrepenger.SammenhengendeUttak","no.nav.foreldrepenger.autotest.fpsak.foreldrepenger.SammenhengendeUttak","endringssøknad_med_aksjonspunkt_i_uttak"
"Test om logger kritiske feil","3","Test om logger kritiske feil Sjekk Feil i Logger[16] ""fpcache""","","2026-02-20","passed","2026-02-20","","no.nav.foreldrepenger.autotest.teknisk.logg.LoggTest","no.nav.foreldrepenger.autotest.teknisk.logg.LoggTest","sjekkFeilILogger"
"Mor søker fødsel aleneomsorg. Annen forelder ikke kjent.","9973","Mor søker fødsel med aleneomsorg","","2026-02-20","passed","2026-02-20","","no.nav.foreldrepenger.autotest.fpsak.foreldrepenger.Fodsel","no.nav.foreldrepenger.autotest.fpsak.foreldrepenger.Fodsel","morSøkerFødselAleneomsorgKunEnHarRett"
"Mor søker fødsel og mottar sykepenger og inntekter - opptjening automatisk godkjent","15565","Mor søker fødsel og mottar sykepenger og inntekter","","2026-02-20","passed","2026-02-20","","no.nav.foreldrepenger.autotest.fpsak.foreldrepenger.Ytelser","no.nav.foreldrepenger.autotest.fpsak.foreldrepenger.Ytelser","morSøkerFødselMottarSykepengerOgInntekter"
"Mor får revurdering fra endringssøknad vedtak opphører - far får revurdering","29931","Mor får revurdering fra endringssøknad vedtak opphører","","2026-02-20","passed","2026-02-20","","no.nav.foreldrepenger.autotest.fpsak.foreldrepenger.MorOgFarSammen","no.nav.foreldrepenger.autotest.fpsak.foreldrepenger.MorOgFarSammen","berørtSakOpphør"
"Sender inn klage på førstegangsbehandling. Bekrefter medhold i Ugunst hos NFP. Beslutter og avslutter.","22565","Klage med Medhold Ugunst NFP","","2026-02-20","passed","2026-02-20","","no.nav.foreldrepenger.autotest.fpsak.foreldrepenger.Klage","no.nav.foreldrepenger.autotest.fpsak.foreldrepenger.Klage","klageMedholUgunstNFP"
"Mor søker fødsel og mottar sykepenger - opptjening automatisk oppfylt","11037","Mor søker fødsel og mottar sykepenger","","2026-02-20","passed","2026-02-20","","no.nav.foreldrepenger.autotest.fpsak.foreldrepenger.Ytelser","no.nav.foreldrepenger.autotest.fpsak.foreldrepenger.Ytelser","morSøkerFødselMottarSykepenger"
"","14162","Mor med for sent refusjonskrav.","","2026-02-20","passed","2026-02-20","","no.nav.foreldrepenger.autotest.fpsak.foreldrepenger.BeregningVerdikjede","no.nav.foreldrepenger.autotest.fpsak.foreldrepenger.BeregningVerdikjede","morFødselForSentRefusjonskrav"
"Behandle klage via NFP - vurdert til medhold","36616","Behandle klage via NFP - medhold","","2026-02-20","passed","2026-02-20","","no.nav.foreldrepenger.autotest.fpsak.engangsstonad.Klage","no.nav.foreldrepenger.autotest.fpsak.engangsstonad.Klage","klageMedholdNFP"
"","11675","Mor søker fødsel med full AAP og et arbeidsforhold.","","2026-02-20","passed","2026-02-20","","no.nav.foreldrepenger.autotest.fpsak.foreldrepenger.BeregningVerdikjede","no.nav.foreldrepenger.autotest.fpsak.foreldrepenger.BeregningVerdikjede","morSøkerFødselMedFullAAPOgArbeidsforholdSomErAktivtPåStp"
"","14115","Mor søker fødsel med 2 arbeidsforhold med inntekt over 6G","","2026-02-20","passed","2026-02-20","","no.nav.foreldrepenger.autotest.fpsak.foreldrepenger.Fodsel","no.nav.foreldrepenger.autotest.fpsak.foreldrepenger.Fodsel","morSøkerFødselMedToArbeidsforhold"
"Sender inn søknad mor. Sender inn søknad far uten overlapp. Sender inn endringssøknad far med fri utsettelserList og uttaksperioder med start senere. Sender inn IM","25698","Koblet sak. Far utsetter fra start med senere uttaksdato","","2026-02-20","passed","2026-02-20","","no.nav.foreldrepenger.autotest.fpsak.foreldrepenger.MorOgFarSammen","no.nav.foreldrepenger.autotest.fpsak.foreldrepenger.MorOgFarSammen","kobletSakFarUtsetterStartdato"
"Far søker registrert fødsel og blir avvist fordi far søker","4886","Far søker registrert fødsel","","2026-02-20","passed","2026-02-20","","no.nav.foreldrepenger.autotest.fpsak.engangsstonad.Fodsel","no.nav.foreldrepenger.autotest.fpsak.engangsstonad.Fodsel","farSøkerFødselRegistrert"
"Mor har foreldrepenger og har 50% stilling i AA-register - som øker til 100% under uttaket med perm som strekker seg forbi mors uttak. Far søker litt fellesperiode/arbeid når a) mor jobber 50% og b) mor jobber 100% men har perm og c) mor jobber 100%. Far skal få aksjonspunkt rundt uttaksdokumentasjon. 2 av 3 perioder skal ha behov for avklaring","21277","Mor og far søker. Krever dokumentasjon når far søker hvor mor er i 50% stilling.","","2026-02-20","passed","2026-02-20","","no.nav.foreldrepenger.autotest.fpsak.foreldrepenger.MorOgFarSammen","no.nav.foreldrepenger.autotest.fpsak.foreldrepenger.MorOgFarSammen","kreverDokumentasjonBeggeRett"
"Test om lekker sensitive opplysninger","912","Test om lekker sensitive opplysninger Sjekk sensitiv logg lekkasje[14] ""kafka""","","2026-02-20","passed","2026-02-20","","no.nav.foreldrepenger.autotest.teknisk.logg.LoggTest","no.nav.foreldrepenger.autotest.teknisk.logg.LoggTest","sjekkLoggerForPersonopplysninger"
"Test om logger kritiske feil","2","Test om logger kritiske feil Sjekk Feil i Logger[10] ""fptilgang""","","2026-02-20","passed","2026-02-20","","no.nav.foreldrepenger.autotest.teknisk.logg.LoggTest","no.nav.foreldrepenger.autotest.teknisk.logg.LoggTest","sjekkFeilILogger"
"","9052","Mor søker fødsel med 2 arbeidsforhold i samme organisasjon","","2026-02-20","passed","2026-02-20","","no.nav.foreldrepenger.autotest.fpsak.foreldrepenger.Fodsel","no.nav.foreldrepenger.autotest.fpsak.foreldrepenger.Fodsel","morSøkerFødselMedToArbeidsforholdISammeOrganisasjon"
"Mor søker SVP med ett arbeidsforhold - halv og så endring til ingen tilrettelegging. Full refusjon","46535","Mor søker SVP med ett arbeidsforhold - halv og så endring til ingen tilrettelegging. Full refusjon","","2026-02-20","passed","2026-02-20","","no.nav.foreldrepenger.autotest.fpsak.svangerskapspenger.Førstegangsbehandling","no.nav.foreldrepenger.autotest.fpsak.svangerskapspenger.Førstegangsbehandling","mor_søker_svp_ett_arbeidsforhold_endrer_ingen_tilrettelegging"
"Medmor søker fødsel - søkand blir avslått fordi søker er medmor","23500","Medmor søker fødsel","","2026-02-20","passed","2026-02-20","","no.nav.foreldrepenger.autotest.fpsak.engangsstonad.Fodsel","no.nav.foreldrepenger.autotest.fpsak.engangsstonad.Fodsel","medmorSøkerFødsel"
"Mor søker fødsel med privatperson som arbeidsgiver","16002","Mor søker fødsel med privatperson som arbeidsgiver, avvik i beregning","","2026-02-20","passed","2026-02-20","","no.nav.foreldrepenger.autotest.fpsak.foreldrepenger.Fodsel","no.nav.foreldrepenger.autotest.fpsak.foreldrepenger.Fodsel","morSøkerFødselMedPrivatpersonSomArbeidsgiver"
"Behandle klage via NFP - medhold av NFP avvist av beslutter send tilbake til NFP vurdert til delvist gunst","14716","Behandle klage via NFP - avvist av beslutter","","2026-02-20","passed","2026-02-20","","no.nav.foreldrepenger.autotest.fpsak.engangsstonad.Klage","no.nav.foreldrepenger.autotest.fpsak.engangsstonad.Klage","avvistAvBelutterNFP"
"Test om lekker sensitive opplysninger","11219","Test om lekker sensitive opplysninger Sjekk sensitiv logg lekkasje[2] ""fpoversikt""","","2026-02-20","passed","2026-02-20","","no.nav.foreldrepenger.autotest.teknisk.logg.LoggTest","no.nav.foreldrepenger.autotest.teknisk.logg.LoggTest","sjekkLoggerForPersonopplysninger"
"Test om logger kritiske feil","486","Test om logger kritiske feil Sjekk Feil i Logger[2] ""fpoversikt""","","2026-02-20","passed","2026-02-20","","no.nav.foreldrepenger.autotest.teknisk.logg.LoggTest","no.nav.foreldrepenger.autotest.teknisk.logg.LoggTest","sjekkFeilILogger"
"Mor søker og får innvilget. Far søker og får innvilget rundt fødsel. Far søker utsatt oppstart og blir innvilget uten berørt behandling hos mor.","26435","Koblet sak. Far utsetter oppstart rundt fødsel","","2026-02-20","passed","2026-02-20","","no.nav.foreldrepenger.autotest.fpsak.foreldrepenger.MorOgFarSammen","no.nav.foreldrepenger.autotest.fpsak.foreldrepenger.MorOgFarSammen","farUtsetterOppstartRundtFødsel"
"Test om logger kritiske feil","1","Test om logger kritiske feil Sjekk Feil i Logger[13] ""vtp""","","2026-02-20","passed","2026-02-20","","no.nav.foreldrepenger.autotest.teknisk.logg.LoggTest","no.nav.foreldrepenger.autotest.teknisk.logg.LoggTest","sjekkFeilILogger"
"Test om logger kritiske feil","125","Test om logger kritiske feil Sjekk Feil i Logger[5] ""fpkalkulus""","","2026-02-20","passed","2026-02-20","","no.nav.foreldrepenger.autotest.teknisk.logg.LoggTest","no.nav.foreldrepenger.autotest.teknisk.logg.LoggTest","sjekkFeilILogger"
"Mor søker og saken blir behandlet før inntektsmelding er mottat basert på data fra inntektskomponenten, så mottas inntektsmeldingen","15159","Mor søker sak behandlet før inntektsmelding mottatt","","2026-02-20","passed","2026-02-20","","no.nav.foreldrepenger.autotest.fpsak.foreldrepenger.Termin","no.nav.foreldrepenger.autotest.fpsak.foreldrepenger.Termin","MorSøkerMedEttArbeidsforholdInntektsmeldingPåGjennopptattSøknad"
"Test om logger kritiske feil","383","Test om logger kritiske feil Sjekk Feil i Logger[1] ""fpmottak""","","2026-02-20","passed","2026-02-20","","no.nav.foreldrepenger.autotest.teknisk.logg.LoggTest","no.nav.foreldrepenger.autotest.teknisk.logg.LoggTest","sjekkFeilILogger"
"Førstegangsbehandling til positivt vedtak. Søker sender inn endringsøknad. Endring i uttak. Vedtak fortsatt løpende.","15434","Endringssøknad med ekstra uttaksperiode.","","2026-02-20","passed","2026-02-20","","no.nav.foreldrepenger.autotest.fpsak.foreldrepenger.Revurdering","no.nav.foreldrepenger.autotest.fpsak.foreldrepenger.Revurdering","endringssøknad"
"Mor søker og får innvilget. Far søker med to uker overlapp med mor (stjeling) og ifm fødsel. Far får innvilget. Berørt sak opprettes på mor. Siste periode blir spittet i to og siste del blir avlsått. Det opprettes ikkeberørt sak på far.","18891","Far og mor søker fødsel med overlappende uttaksperiode","","2026-02-20","passed","2026-02-20","","no.nav.foreldrepenger.autotest.fpsak.foreldrepenger.MorOgFarSammen","no.nav.foreldrepenger.autotest.fpsak.foreldrepenger.MorOgFarSammen","farOgMor_fødsel_ettArbeidsforholdHver_overlappendePeriode"
"Uten inntektsmelding, med lønnsendring de siste 3 månedene","5608","Uten inntektsmelding, med lønnsendring de siste 3 månedene","","2026-02-20","passed","2026-02-20","","no.nav.foreldrepenger.autotest.fpsak.foreldrepenger.BeregningVerdikjede","no.nav.foreldrepenger.autotest.fpsak.foreldrepenger.BeregningVerdikjede","vurder_mottar_ytelse_vurder_lonnsendring"
"Test om lekker sensitive opplysninger","49","Test om lekker sensitive opplysninger Sjekk sensitiv logg lekkasje[13] ""vtp""","","2026-02-20","passed","2026-02-20","","no.nav.foreldrepenger.autotest.teknisk.logg.LoggTest","no.nav.foreldrepenger.autotest.teknisk.logg.LoggTest","sjekkLoggerForPersonopplysninger"
"Test om lekker sensitive opplysninger","78","Test om lekker sensitive opplysninger Sjekk sensitiv logg lekkasje[17] ""fpdokgen""","","2026-02-20","passed","2026-02-20","","no.nav.foreldrepenger.autotest.teknisk.logg.LoggTest","no.nav.foreldrepenger.autotest.teknisk.logg.LoggTest","sjekkLoggerForPersonopplysninger"
"Test om lekker sensitive opplysninger","2505","Test om lekker sensitive opplysninger Sjekk sensitiv logg lekkasje[1] ""fpmottak""","","2026-02-20","passed","2026-02-20","","no.nav.foreldrepenger.autotest.teknisk.logg.LoggTest","no.nav.foreldrepenger.autotest.teknisk.logg.LoggTest","sjekkLoggerForPersonopplysninger"
"Far søker termin avslått pga søker er far","6003","Far søker termin","","2026-02-20","passed","2026-02-20","","no.nav.foreldrepenger.autotest.fpsak.engangsstonad.Termin","no.nav.foreldrepenger.autotest.fpsak.engangsstonad.Termin","farSøkerTermin"
"Sender inn klage på førstegangsbehandling. NFP avslår formkrav (ikke konkret). Beslutter og avslutter.","58448","Klage avvist i formkrav av NFP","","2026-02-20","passed","2026-02-20","","no.nav.foreldrepenger.autotest.fpsak.foreldrepenger.Klage","no.nav.foreldrepenger.autotest.fpsak.foreldrepenger.Klage","avvisFormkravNFP"
"Mor søker uregistrert fødsel mindre enn 14 dager etter fødsel. Behandlingen skal bli satt på vent","1806","Mor søker uregistrert fødsel mindre enn 14 dager etter fødsel","","2026-02-20","passed","2026-02-20","","no.nav.foreldrepenger.autotest.fpsak.engangsstonad.Fodsel","no.nav.foreldrepenger.autotest.fpsak.engangsstonad.Fodsel","morSøkerUregistrertFødselMindreEnn14DagerEtter"
"","12180","To arbeidsforhold samme org.","","2026-02-20","passed","2026-02-20","","no.nav.foreldrepenger.autotest.fpsak.foreldrepenger.BeregningVerdikjede","no.nav.foreldrepenger.autotest.fpsak.foreldrepenger.BeregningVerdikjede","toArbeidsforholdSammeOrgEttStarterEtterStp"
"","17743","Mor søker fødsel med 1 arbeidsforhold, Papirsøkand","","2026-02-20","passed","2026-02-20","","no.nav.foreldrepenger.autotest.fpsak.foreldrepenger.Fodsel","no.nav.foreldrepenger.autotest.fpsak.foreldrepenger.Fodsel","morSøkerFødselMedEttArbeidsforhold_papirsøknad"
"Mor søker termin, men har ikke arbeidsforhold i AAREG. Saksbehandler legger til fiktivt arbeidsforhold","18322","Mor søker fødsel, men har ikke arbeidsforhold i AAREG. Legger til fiktivt arbeidsforhold.","","2026-02-20","passed","2026-02-20","","no.nav.foreldrepenger.autotest.fpsak.foreldrepenger.ArbeidsforholdVarianter","no.nav.foreldrepenger.autotest.fpsak.foreldrepenger.ArbeidsforholdVarianter","morSøkerTerminUtenAktiviteterIAareg"
"Test om logger kritiske feil","81","Test om logger kritiske feil Sjekk Feil i Logger[14] ""kafka""","","2026-02-20","passed","2026-02-20","","no.nav.foreldrepenger.autotest.teknisk.logg.LoggTest","no.nav.foreldrepenger.autotest.teknisk.logg.LoggTest","sjekkFeilILogger"
"Test om logger kritiske feil","8","Test om logger kritiske feil Sjekk Feil i Logger[15] ""postgres""","","2026-02-20","passed","2026-02-20","","no.nav.foreldrepenger.autotest.teknisk.logg.LoggTest","no.nav.foreldrepenger.autotest.teknisk.logg.LoggTest","sjekkFeilILogger"
"Far søker adopsjon - godkjent happy case","10016","Far søker adopsjon - godkjent","","2026-02-20","passed","2026-02-20","","no.nav.foreldrepenger.autotest.fpsak.engangsstonad.Adopsjon","no.nav.foreldrepenger.autotest.fpsak.engangsstonad.Adopsjon","farSøkerAdopsjonGodkjent"
"Mor, med to arbeidsforhold, søker gradering. Samsvar med IM.","11139","Mor søker gradering. Med to arbeidsforhold. Uten avvikende inntektsmelding","","2026-02-20","passed","2026-02-20","","no.nav.foreldrepenger.autotest.fpsak.foreldrepenger.Fodsel","no.nav.foreldrepenger.autotest.fpsak.foreldrepenger.Fodsel","morSøkerGraderingOgUtsettelseMedToArbeidsforhold_utenAvvikendeInntektsmeldinger"
"Test om logger kritiske feil","306","Test om logger kritiske feil Sjekk Feil i Logger[8] ""fprisk""","","2026-02-20","passed","2026-02-20","","no.nav.foreldrepenger.autotest.teknisk.logg.LoggTest","no.nav.foreldrepenger.autotest.teknisk.logg.LoggTest","sjekkFeilILogger"
"","10931","Mor søker fødsel med 1 arbeidsforhold","","2026-02-20","passed","2026-02-20","","no.nav.foreldrepenger.autotest.fpsak.foreldrepenger.Fodsel","no.nav.foreldrepenger.autotest.fpsak.foreldrepenger.Fodsel","morSøkerFødselMedEttArbeidsforhold"
"Ikke få avslåg på innvilget perioder pga søknadsfrist.","21677","Ikke få avslåg på innvilget perioder pga søknadsfrist","","2026-02-20","passed","2026-02-20","","no.nav.foreldrepenger.autotest.fpsak.foreldrepenger.Revurdering","no.nav.foreldrepenger.autotest.fpsak.foreldrepenger.Revurdering","ikke_avslag_pa_innvilget_perioder_pga_søknadsfrist_i_revurdering"
"Test om lekker sensitive opplysninger","3289","Test om lekker sensitive opplysninger Sjekk sensitiv logg lekkasje[9] ""fpoppdrag""","","2026-02-20","passed","2026-02-20","","no.nav.foreldrepenger.autotest.teknisk.logg.LoggTest","no.nav.foreldrepenger.autotest.teknisk.logg.LoggTest","sjekkLoggerForPersonopplysninger"
"Test om logger kritiske feil","128","Test om logger kritiske feil Sjekk Feil i Logger[12] ""fpabakus""","","2026-02-20","passed","2026-02-20","","no.nav.foreldrepenger.autotest.teknisk.logg.LoggTest","no.nav.foreldrepenger.autotest.teknisk.logg.LoggTest","sjekkFeilILogger"
"Far søker adopsjon av ektefelles barn fører til avvist behandling","7927","Far søker adopsjon av ektefelles barn","","2026-02-20","passed","2026-02-20","","no.nav.foreldrepenger.autotest.fpsak.engangsstonad.Adopsjon","no.nav.foreldrepenger.autotest.fpsak.engangsstonad.Adopsjon","farSøkerAdopsjonAvvist"
"Bare far har rett (BFHR) og mor mottak uføretrygd. Far har 15 uker uten aktivitetskrav som kan tas ut utover en periode på 46 uker. Far søker uttak og utsettelserList uten at aktivitetskravet er oppfylt. Her vil uttaket bli innvilgetfra de 15 ukene uten aktivitetskrav, mens utsettelsen trekker dager. Far prøver å ta ut foreldrepenger uten aktivitetskravetter uke 46 og for avslag pga manglende stønadsdager igjen på konto.","18968","Bare far har rett. Mor Ufør. Perioder uten at mor er i aktivitet skal trekke fra foreldrepenger uten aktivitetskrav.","","2026-02-20","passed","2026-02-20","","no.nav.foreldrepenger.autotest.fpsak.foreldrepenger.RegresjonPreWLB","no.nav.foreldrepenger.autotest.fpsak.foreldrepenger.RegresjonPreWLB","BFHRMorUføreTrekkerDagerFortløpendeNårVilkårIkkeErOppfylt"
"","10702","Far søker fødsel med aleneomsorg som bekreftes at han har (mor forsvunnet)","","2026-02-20","passed","2026-02-20","","no.nav.foreldrepenger.autotest.fpsak.foreldrepenger.Fodsel","no.nav.foreldrepenger.autotest.fpsak.foreldrepenger.Fodsel","farSøkerFødselAleneomsorgMenErGiftOgBorMedAnnenpart"
"","9953","Far søker fødsel med 1 arbeidsforhold","","2026-02-20","passed","2026-02-20","","no.nav.foreldrepenger.autotest.fpsak.foreldrepenger.Fodsel","no.nav.foreldrepenger.autotest.fpsak.foreldrepenger.Fodsel","farSøkerFødselMedEttArbeidsforhold"
"Test om logger kritiske feil","220","Test om logger kritiske feil Sjekk Feil i Logger[6] ""fptilbake""","","2026-02-20","passed","2026-02-20","","no.nav.foreldrepenger.autotest.teknisk.logg.LoggTest","no.nav.foreldrepenger.autotest.teknisk.logg.LoggTest","sjekkFeilILogger"
"Mor søker adopsjon - avvist - barn er over 15 år og blir dermed avlått","6289","Mor søker adopsjon - avvist - barn er over 15 år","","2026-02-20","passed","2026-02-20","","no.nav.foreldrepenger.autotest.fpsak.engangsstonad.Adopsjon","no.nav.foreldrepenger.autotest.fpsak.engangsstonad.Adopsjon","morSøkerAdopsjonAvvist"
"Test om logger kritiske feil","2360","Test om logger kritiske feil Sjekk Feil i Logger[4] ""fpsak""","","2026-02-20","passed","2026-02-20","","no.nav.foreldrepenger.autotest.teknisk.logg.LoggTest","no.nav.foreldrepenger.autotest.teknisk.logg.LoggTest","sjekkFeilILogger"
"Test om logger kritiske feil","1","Test om logger kritiske feil Sjekk Feil i Logger[19] ""audit.nais""","","2026-02-20","passed","2026-02-20","","no.nav.foreldrepenger.autotest.teknisk.logg.LoggTest","no.nav.foreldrepenger.autotest.teknisk.logg.LoggTest","sjekkFeilILogger"
"Mor fødsel med frilans som eneste inntekt. Oppgir ikke frilans i søknaden","7607","Mor fødsel med frilans som eneste inntekt","","2026-02-20","passed","2026-02-20","","no.nav.foreldrepenger.autotest.fpsak.foreldrepenger.BeregningVerdikjede","no.nav.foreldrepenger.autotest.fpsak.foreldrepenger.BeregningVerdikjede","morSøkerFødselMedEttArbeidsforholdOgFrilans_VurderOpptjening_VurderFaktaOmBeregning_AvvikIBeregning"
"Mor søker fødsel - avvist fordi dokumentasjon mangler og barn er ikke registrert i freg","6460","Mor søker fødsel - avvist","","2026-02-20","passed","2026-02-20","","no.nav.foreldrepenger.autotest.fpsak.engangsstonad.Fodsel","no.nav.foreldrepenger.autotest.fpsak.engangsstonad.Fodsel","morSøkerFødselAvvist"
"Mor søker fødsel og er utvandret. Skal føre til aksjonspunkt angående medlemskap - avslått","7804","Mor søker fødsel er utvandret","","2026-02-20","passed","2026-02-20","","no.nav.foreldrepenger.autotest.fpsak.engangsstonad.Medlemskap","no.nav.foreldrepenger.autotest.fpsak.engangsstonad.Medlemskap","morSøkerFødselErUtvandret"
"Behandle innsyn for mor - avvist ved vurdering","28272","Behandle innsyn for mor - avvist","","2026-02-20","passed","2026-02-20","","no.nav.foreldrepenger.autotest.fpsak.engangsstonad.Innsyn","no.nav.foreldrepenger.autotest.fpsak.engangsstonad.Innsyn","behandleInnsynMorAvvist"
"Test om logger kritiske feil","110","Test om logger kritiske feil Sjekk Feil i Logger[3] ""fpsoknad""","","2026-02-20","passed","2026-02-20","","no.nav.foreldrepenger.autotest.teknisk.logg.LoggTest","no.nav.foreldrepenger.autotest.teknisk.logg.LoggTest","sjekkFeilILogger"
"Mor søker fødsel med ett arbeidsforhold og frilans. Vurder opptjening. Vurder fakta om beregning. Avvik i beregning","13886","Mor fødsel med arbeidsforhold og frilans. Vurderer opptjening og beregning. Finner avvik","","2026-02-20","passed","2026-02-20","","no.nav.foreldrepenger.autotest.fpsak.foreldrepenger.Fodsel","no.nav.foreldrepenger.autotest.fpsak.foreldrepenger.Fodsel","morSøkerFødselMedEttArbeidsforholdOgFrilans_VurderOpptjening_VurderFaktaOmBeregning_AvvikIBeregning"
"Behandle innsyn for mor - godkjent happy case","9161","Behandle innsyn for mor - godkjent","","2026-02-20","passed","2026-02-20","","no.nav.foreldrepenger.autotest.fpsak.engangsstonad.Innsyn","no.nav.foreldrepenger.autotest.fpsak.engangsstonad.Innsyn","behandleInnsynMorGodkjent"
"Mor søker fødsel med flere barn - happy case flere barn","7518","Mor søker fødsel med flere barn","","2026-02-20","passed","2026-02-20","","no.nav.foreldrepenger.autotest.fpsak.engangsstonad.Fodsel","no.nav.foreldrepenger.autotest.fpsak.engangsstonad.Fodsel","morSøkerFødselFlereBarn"
"Mor med ett arbeidsforhold sender inn inntektsmelding før søknad. Forventer at vedtak bli fattet og det blir bare opprettet en behandling","0","Mor søker med ett arbeidsforhold. Inntektmelding innsendt før søknad","","2026-02-20","skipped","2026-02-20","","no.nav.foreldrepenger.autotest.fpsak.foreldrepenger.Termin","no.nav.foreldrepenger.autotest.fpsak.foreldrepenger.Termin","MorSøkerMedEttArbeidsforholdInntektsmeldingFørSøknad"
"Test om lekker sensitive opplysninger","13384","Test om lekker sensitive opplysninger Sjekk sensitiv logg lekkasje[11] ""fpinntektsmelding""","","2026-02-20","passed","2026-02-20","","no.nav.foreldrepenger.autotest.teknisk.logg.LoggTest","no.nav.foreldrepenger.autotest.teknisk.logg.LoggTest","sjekkLoggerForPersonopplysninger"
"Mor søker termin uten periode for foreldrepenger før fødsel. Skjæringstidspunkt skal være 3 uker før termindato.","7808","Mor søker termin uten FPFF","","2026-02-20","passed","2026-02-20","","no.nav.foreldrepenger.autotest.fpsak.foreldrepenger.Termin","no.nav.foreldrepenger.autotest.fpsak.foreldrepenger.Termin","morSokerTerminUtenFPFFperiode"
"Mor søker fødsel - godkjent happy case","3617","Mor søker fødsel - godkjent","","2026-02-20","passed","2026-02-20","","no.nav.foreldrepenger.autotest.fpsak.engangsstonad.Fodsel","no.nav.foreldrepenger.autotest.fpsak.engangsstonad.Fodsel","morSøkerFødselGodkjent"
"","13013","Mor søker fødsel med 1 arbeidsforhold og tre bortfalte naturalytelser på forskjellige tidspunkt","","2026-02-20","passed","2026-02-20","","no.nav.foreldrepenger.autotest.fpsak.foreldrepenger.BeregningVerdikjede","no.nav.foreldrepenger.autotest.fpsak.foreldrepenger.BeregningVerdikjede","morSøkerFødselMedEttArbeidsforhold"
"Mor med to arbeidsforhold søker termin. Søknad inneholder gradering. En periode som er forflyttet ifht IM, en periode som har feil graderingsprosent i fht IM, en periode som har feil orgnr i fht IM og en periode som er ok.","10159","Mor søker termin med avvik i gradering","","2026-02-20","passed","2026-02-20","","no.nav.foreldrepenger.autotest.fpsak.foreldrepenger.Termin","no.nav.foreldrepenger.autotest.fpsak.foreldrepenger.Termin","morSøkerTerminEttArbeidsforhold_avvikIGradering"
"Mor har FP og får innvilget ny FP - revurder tidligste FP og avslå perioder inn i ny stønadsperiode. ","28687","Mor brukt opp minsterett. Nytt barn opphører gammel sak fom 3 uker før termin og avslår perioder etter dette","","2026-02-20","passed","2026-02-20","","no.nav.foreldrepenger.autotest.fpsak.foreldrepenger.ToTetteOgMinsterettTester","no.nav.foreldrepenger.autotest.fpsak.foreldrepenger.ToTetteOgMinsterettTester","nytt_barn_opphører_gammel_sak_pga_minsterett_oppbrukt"
"Førstegangsbehandling til positivt vedtak. Saksbehandler oppretter revurdering manuelt. Overstyrer medlemskap. Vedtaket opphører.","19932","Revurdering opprettet manuelt av saksbehandler.","","2026-02-20","passed","2026-02-20","","no.nav.foreldrepenger.autotest.fpsak.foreldrepenger.Revurdering","no.nav.foreldrepenger.autotest.fpsak.foreldrepenger.Revurdering","opprettRevurderingManuelt"
"Mor søker termin overstyrt vilkår fødsel fra oppfylt til avvist","9228","Mor søker termin overstyrt vilkår","","2026-02-20","passed","2026-02-20","","no.nav.foreldrepenger.autotest.fpsak.engangsstonad.Termin","no.nav.foreldrepenger.autotest.fpsak.engangsstonad.Termin","morSøkerTerminOvertyrt"
"Mor søker med utelandsk adresse og ingen registret inntekt","10875","Mor søker med utenlandsk adresse og ingen registert inntekt","","2026-02-20","passed","2026-02-20","","no.nav.foreldrepenger.autotest.fpsak.engangsstonad.Medlemskap","no.nav.foreldrepenger.autotest.fpsak.engangsstonad.Medlemskap","morSøkerFødselUtenlandsadresse"
"Mor sender inn førstegangssøknad som ferdigbehandles før far sender inn søknad uten overlapp. Far sin sak ferdigbehandles. Far tar deretter å sender inn en endringssøknad for å gi fra seg alle innvilgede periodene.","25428","Koblet sak. Far utsetter alt/gir fra seg alt. Far ny 1gang","","2026-02-20","passed","2026-02-20","","no.nav.foreldrepenger.autotest.fpsak.foreldrepenger.MorOgFarSammen","no.nav.foreldrepenger.autotest.fpsak.foreldrepenger.MorOgFarSammen","kobletSakFarUtsetterAlt"
"Mor søker uregistrert fødsel før det har gått 1 uke - skal sette behandling på vent","3701","Mor søker uregistrert fødsel før det har gått 1 uke","","2026-02-20","passed","2026-02-20","","no.nav.foreldrepenger.autotest.fpsak.foreldrepenger.Fodsel","no.nav.foreldrepenger.autotest.fpsak.foreldrepenger.Fodsel","morSøkerUregistrertEtterFør2Uker"
"Fortsatt få avslag på avslåtte perioder pga søknadsfrist i neste revurdering. Bruker papirsøknad for å kunne sette mottatt dato tilbake i tid","21267","Fortsatt få avslag på avslåtte perioder pga søknadsfrist i neste revurdering","","2026-02-20","passed","2026-02-20","","no.nav.foreldrepenger.autotest.fpsak.foreldrepenger.Revurdering","no.nav.foreldrepenger.autotest.fpsak.foreldrepenger.Revurdering","fortsatt_tape_avslåtte_perioder_pga_søknadsfrist_i_revurdering"
"Førstegangsbehandling til positivt vedtak. Endringssøknad med utsettelserList fra bruker. Vedtak fortsatt løpende.","17934","Endringssøknad med utsettelserList","","2026-02-20","passed","2026-02-20","","no.nav.foreldrepenger.autotest.fpsak.foreldrepenger.SammenhengendeUttak","no.nav.foreldrepenger.autotest.fpsak.foreldrepenger.SammenhengendeUttak","endringssøknadMedUtsettelse"
"Mor søker, får aksjonspunkt slik at behandling stopper opp. Far sender deretter søknad med uttak ifm fødsel og blir satt på vent pga manglende inntektsmelding.Behandler ferdig mor sin søknad (positivt vedtak). Behandler deretter far sin søknad (positivt og automatisk vedtak). Ingen overlapp, med unntak av de to ukene ifm med fødsel. Verifiserer at sakene er koblet og at det ikke opprettes revurdering berørt sak.","20962","Mor og far koblet sak, kant til kant","","2026-02-20","passed","2026-02-20","","no.nav.foreldrepenger.autotest.fpsak.foreldrepenger.MorOgFarSammen","no.nav.foreldrepenger.autotest.fpsak.foreldrepenger.MorOgFarSammen","morOgFar_fødsel_ettArbeidsforholdHver_kobletsak_kantTilKant"
"Far søker rundt fødsel hvor han oppgir at mor er trenger hjelp. Saksbehanlder velger at sykdom ikke er dokumentertog avslå perioden ifm fødel. Resten skal innvilges automatisk.","18322","Far søker rundt fødsel, saksbehandler finner ut at mor ikke er syk eller innlagt, vil føre til avslag i perioden","","2026-02-20","passed","2026-02-20","","no.nav.foreldrepenger.autotest.fpsak.foreldrepenger.RegresjonPreWLB","no.nav.foreldrepenger.autotest.fpsak.foreldrepenger.RegresjonPreWLB","farSøkerImfFødselMenMorErIkkeSykEllerInnlagt"
"","17975","Mor søker fødsel med 2 arbeidsforhold i samme organisasjon og avvik i beregning","","2026-02-20","passed","2026-02-20","","no.nav.foreldrepenger.autotest.fpsak.foreldrepenger.Fodsel","no.nav.foreldrepenger.autotest.fpsak.foreldrepenger.Fodsel","morSøkerFødselMedToArbeidsforhold_AvvikIBeregning"
"Førstegangsbehandling til positivt vedtak. Endringssøknad med gradering fra bruker. Vedtak fortsatt løpende.","17211","Endringssøknad med gradering","","2026-02-20","passed","2026-02-20","","no.nav.foreldrepenger.autotest.fpsak.foreldrepenger.Revurdering","no.nav.foreldrepenger.autotest.fpsak.foreldrepenger.Revurdering","endringssøknadMedGradering"
"Test om lekker sensitive opplysninger","9969","Test om lekker sensitive opplysninger Sjekk sensitiv logg lekkasje[5] ""fpkalkulus""","","2026-02-20","passed","2026-02-20","","no.nav.foreldrepenger.autotest.teknisk.logg.LoggTest","no.nav.foreldrepenger.autotest.teknisk.logg.LoggTest","sjekkLoggerForPersonopplysninger"
"Test om lekker sensitive opplysninger","2","Test om lekker sensitive opplysninger Sjekk sensitiv logg lekkasje[19] ""audit.nais""","","2026-02-20","passed","2026-02-20","","no.nav.foreldrepenger.autotest.teknisk.logg.LoggTest","no.nav.foreldrepenger.autotest.teknisk.logg.LoggTest","sjekkLoggerForPersonopplysninger"
"Test om lekker sensitive opplysninger","10596","Test om lekker sensitive opplysninger Sjekk sensitiv logg lekkasje[12] ""fpabakus""","","2026-02-20","passed","2026-02-20","","no.nav.foreldrepenger.autotest.teknisk.logg.LoggTest","no.nav.foreldrepenger.autotest.teknisk.logg.LoggTest","sjekkLoggerForPersonopplysninger"
"Test om lekker sensitive opplysninger","5","Test om lekker sensitive opplysninger Sjekk sensitiv logg lekkasje[16] ""fpcache""","","2026-02-20","passed","2026-02-20","","no.nav.foreldrepenger.autotest.teknisk.logg.LoggTest","no.nav.foreldrepenger.autotest.teknisk.logg.LoggTest","sjekkLoggerForPersonopplysninger"
"Test om lekker sensitive opplysninger","4117","Test om lekker sensitive opplysninger Sjekk sensitiv logg lekkasje[3] ""fpsoknad""","","2026-02-20","passed","2026-02-20","","no.nav.foreldrepenger.autotest.teknisk.logg.LoggTest","no.nav.foreldrepenger.autotest.teknisk.logg.LoggTest","sjekkLoggerForPersonopplysninger"
"","11921","Mor søker fødsel med 1 arbeidsforhold og avvik i beregning","","2026-02-20","passed","2026-02-20","","no.nav.foreldrepenger.autotest.fpsak.foreldrepenger.Fodsel","no.nav.foreldrepenger.autotest.fpsak.foreldrepenger.Fodsel","morSøkerFødselMedEttArbeidsforhold_AvvikIBeregning"
"Mor søker med personstatus uregistrert, får askjonspunkt så hennlegges","25540","Mor søker med personstatus uregistrert","","2026-02-20","passed","2026-02-20","","no.nav.foreldrepenger.autotest.fpsak.engangsstonad.Medlemskap","no.nav.foreldrepenger.autotest.fpsak.engangsstonad.Medlemskap","morSøkerFødselUregistrert"
"","5288","ATFL i samme org med lønnsendring","","2026-02-20","passed","2026-02-20","","no.nav.foreldrepenger.autotest.fpsak.foreldrepenger.BeregningVerdikjede","no.nav.foreldrepenger.autotest.fpsak.foreldrepenger.BeregningVerdikjede","ATFL_samme_org_med_lønnendring_uten_inntektsmelding"
"Utsettelser og gradering fra førstegangsbehandling skal ikke gå til manuell behandling hvis innenfor søknadsfrist.Førstegangsbehandling avslutter med utsettelserList. Søker sender inn endringssøknad hvor en tar ut 1 uke etter utsettelsen.","29208","Utsettelser og gradering fra førstegangsbehandling skal ikke gå til manuell behandling","","2026-02-20","passed","2026-02-20","","no.nav.foreldrepenger.autotest.fpsak.foreldrepenger.SammenhengendeUttak","no.nav.foreldrepenger.autotest.fpsak.foreldrepenger.SammenhengendeUttak","utsettelser_og_gradering_fra_førstegangsbehandling_skal_ikke_gå_til_manuell_behandling_ved_endringssøknad"
"Test om lekker sensitive opplysninger","3088","Test om lekker sensitive opplysninger Sjekk sensitiv logg lekkasje[10] ""fptilgang""","","2026-02-20","passed","2026-02-20","","no.nav.foreldrepenger.autotest.teknisk.logg.LoggTest","no.nav.foreldrepenger.autotest.teknisk.logg.LoggTest","sjekkLoggerForPersonopplysninger"
"Mor sin endringssøknad sniker i køen, når far sin behandling venter på IM. Dette skal ikke føre til at far mister til periode som overlapper med mors førstegangssøknad. Mor søker om perioden på nytt får å ta tilbake den tapte perioden.","27396","Mor og far koblet sak, mors endringssøknad sniker","","2026-02-20","passed","2026-02-20","","no.nav.foreldrepenger.autotest.fpsak.foreldrepenger.MorOgFarSammen","no.nav.foreldrepenger.autotest.fpsak.foreldrepenger.MorOgFarSammen","far_skal_ikke_miste_perioder_til_mor_ved_sniking"
"Test om logger kritiske feil","287","Test om logger kritiske feil Sjekk Feil i Logger[7] ""fpformidling""","","2026-02-20","passed","2026-02-20","","no.nav.foreldrepenger.autotest.teknisk.logg.LoggTest","no.nav.foreldrepenger.autotest.teknisk.logg.LoggTest","sjekkFeilILogger"
"Mor søker SVP med tre arbeidsforhold - hel, halv og ingen tilrettelegging. Full refusjon","16473","Mor søker SVP med tre arbeidsforhold - hel, halv og ingen tilrettelegging. Full refusjon","","2026-02-20","passed","2026-02-20","","no.nav.foreldrepenger.autotest.fpsak.svangerskapspenger.Førstegangsbehandling","no.nav.foreldrepenger.autotest.fpsak.svangerskapspenger.Førstegangsbehandling","mor_søker_svp_tre_arbeidsforhold_hel_halv_og_ingen_tilrettelegging"
"Mor søker fødsel. Har ikke arbeidsforhold i AAREG, men det blir sendt inn en innteksmelding. Saksbehandler legger til arbeidsforhold basert på motatt inntektsmelding","14829","Mor søker fødsel, men har ikke arbeidsforhold i AAREG, sender inntektsmelding","","2026-02-20","passed","2026-02-20","","no.nav.foreldrepenger.autotest.fpsak.foreldrepenger.ArbeidsforholdVarianter","no.nav.foreldrepenger.autotest.fpsak.foreldrepenger.ArbeidsforholdVarianter","utenArbeidsforholdMenMedInntektsmelding"
"Test om lekker sensitive opplysninger","44624","Test om lekker sensitive opplysninger Sjekk sensitiv logg lekkasje[4] ""fpsak""","","2026-02-20","passed","2026-02-20","","no.nav.foreldrepenger.autotest.teknisk.logg.LoggTest","no.nav.foreldrepenger.autotest.teknisk.logg.LoggTest","sjekkLoggerForPersonopplysninger"
"Test om lekker sensitive opplysninger","8135","Test om lekker sensitive opplysninger Sjekk sensitiv logg lekkasje[8] ""fprisk""","","2026-02-20","passed","2026-02-20","","no.nav.foreldrepenger.autotest.teknisk.logg.LoggTest","no.nav.foreldrepenger.autotest.teknisk.logg.LoggTest","sjekkLoggerForPersonopplysninger"
"Test om logger kritiske feil","488","Test om logger kritiske feil Sjekk Feil i Logger[11] ""fpinntektsmelding""","","2026-02-20","passed","2026-02-20","","no.nav.foreldrepenger.autotest.teknisk.logg.LoggTest","no.nav.foreldrepenger.autotest.teknisk.logg.LoggTest","sjekkFeilILogger"
"Mor søker SVP og FP - revurder SVP, SVP seks uker før termin, FP tre uker før tidligere termin","23755","Mor søker SVP og FP - revurder SVP","","2026-02-20","passed","2026-02-20","","no.nav.foreldrepenger.autotest.fpsak.svangerskapspenger.Førstegangsbehandling","no.nav.foreldrepenger.autotest.fpsak.svangerskapspenger.Førstegangsbehandling","revurder_svp_pga_innvilget_fp"
"Test om lekker sensitive opplysninger","6","Test om lekker sensitive opplysninger Sjekk sensitiv logg lekkasje[18] ""oracle""","","2026-02-20","passed","2026-02-20","","no.nav.foreldrepenger.autotest.teknisk.logg.LoggTest","no.nav.foreldrepenger.autotest.teknisk.logg.LoggTest","sjekkLoggerForPersonopplysninger"
"Mor søker fødsel med verge - skal få aksjonspunkt om registrering av verge når man er under 18","7870","Mor søker fødsel med verge","","2026-02-20","passed","2026-02-20","","no.nav.foreldrepenger.autotest.fpsak.engangsstonad.Fodsel","no.nav.foreldrepenger.autotest.fpsak.engangsstonad.Fodsel","morSøkerFødselMedVerge"
"Mor søker adopsjon med overstyrt vilkår som tar behandlingen fra innvilget til avslått","26344","Mor søker adopsjon med overstyrt vilkår","","2026-02-20","passed","2026-02-20","","no.nav.foreldrepenger.autotest.fpsak.engangsstonad.Adopsjon","no.nav.foreldrepenger.autotest.fpsak.engangsstonad.Adopsjon","morSøkerAdopsjonOverstyrt"
"Mor med kun ytelse på skjæringstidspunktet og dagpenger i opptjeningsperioden","10192","Mor med kun ytelse på skjæringstidspunktet og dagpenger i opptjeningsperioden","","2026-02-20","passed","2026-02-20","","no.nav.foreldrepenger.autotest.fpsak.foreldrepenger.BeregningVerdikjede","no.nav.foreldrepenger.autotest.fpsak.foreldrepenger.BeregningVerdikjede","kun_ytelse_med_vurdering_av_besteberegning"
"Mor søker fødsel for 2 barn med 1 barn registrert. dette fører til aksjonspunkt for bekreftelse av antall barn","11229","Mor søker fødsel for 2 barn med 1 barn registrert","","2026-02-20","passed","2026-02-20","","no.nav.foreldrepenger.autotest.fpsak.foreldrepenger.Fodsel","no.nav.foreldrepenger.autotest.fpsak.foreldrepenger.Fodsel","morSøker2Barn1Registrert"
"Test om logger kritiske feil","41","Test om logger kritiske feil Sjekk Feil i Logger[17] ""fpdokgen""","","2026-02-20","passed","2026-02-20","","no.nav.foreldrepenger.autotest.teknisk.logg.LoggTest","no.nav.foreldrepenger.autotest.teknisk.logg.LoggTest","sjekkFeilILogger"
"Mor søker adopsjon - godkjent happy case","8540","Mor søker adopsjon - godkjent","","2026-02-20","passed","2026-02-20","","no.nav.foreldrepenger.autotest.fpsak.engangsstonad.Adopsjon","no.nav.foreldrepenger.autotest.fpsak.engangsstonad.Adopsjon","morSøkerAdopsjonGodkjent"
"Test om lekker sensitive opplysninger","4516","Test om lekker sensitive opplysninger Sjekk sensitiv logg lekkasje[7] ""fpformidling""","","2026-02-20","passed","2026-02-20","","no.nav.foreldrepenger.autotest.teknisk.logg.LoggTest","no.nav.foreldrepenger.autotest.teknisk.logg.LoggTest","sjekkLoggerForPersonopplysninger"
"Mor søker SVP med to arbeidsforhold, fire uke før termin, hel tilrettelegging","14675","Mor søker SVP med to arbeidsforhold - hel tilrettelegging","","2026-02-20","passed","2026-02-20","","no.nav.foreldrepenger.autotest.fpsak.svangerskapspenger.Førstegangsbehandling","no.nav.foreldrepenger.autotest.fpsak.svangerskapspenger.Førstegangsbehandling","morSøkerSvp_HelTilrettelegging_FireUkerFørTermin_ToArbeidsforholdFraUlikeVirksomheter"
"Sender inn søknad mor. Sender inn søknad far uten overlapp. Sender inn endringssøknad mor som er lik førstegangsbehandlingen. Verifiserer at det ikke blir berørt sak på far.","30047","Koblet sak endringssøknad ingen endring","","2026-02-20","passed","2026-02-20","","no.nav.foreldrepenger.autotest.fpsak.foreldrepenger.MorOgFarSammen","no.nav.foreldrepenger.autotest.fpsak.foreldrepenger.MorOgFarSammen","kobletSakIngenEndring"
"","17059","Mor søker fødsel med 2 arbeidsforhold i samme organisasjon med 1 inntektsmelding","","2026-02-20","passed","2026-02-20","","no.nav.foreldrepenger.autotest.fpsak.foreldrepenger.Fodsel","no.nav.foreldrepenger.autotest.fpsak.foreldrepenger.Fodsel","morSøkerFødselMedToArbeidsforholdISammeOrganisasjonEnInntektsmelding"
"Test om logger kritiske feil","47","Test om logger kritiske feil Sjekk Feil i Logger[9] ""fpoppdrag""","","2026-02-20","passed","2026-02-20","","no.nav.foreldrepenger.autotest.teknisk.logg.LoggTest","no.nav.foreldrepenger.autotest.teknisk.logg.LoggTest","sjekkFeilILogger"
